{"epoch": [1, 2, 3], "test_loss": [3.6807734464344226, 3.6241403629905298, 3.6121485170565153]}