{"epoch": [1, 2, 3], "test_loss": [3.6807734087893835, 3.6241402939746252, 3.6121483664763603]}