{"epoch": [1, 2, 3], "test_loss": [4.005652440221686, 3.9578687956458642, 3.927255448542143]}